TEAC,CVIT,KATESIN,Fruktoz,Glikoz,Rutin,Kuersetin,Klorojasit,Ferulikasit,OKumarik,PKumarik,Kafeikasit,Siringikasit,Vanilikasit,Gallikasit,ACCESSION
7.19609333882589,17.65,0.06,7.97,5.42,1.14,0.1,2.54,0.09,0.08,0.04,0.12,0.1,0.03,0.51,Black2
10.8171612290245,13.95,0.04,6.68,6.92,0.73,0.01,2.09,0.08,0.02,0.1,0.14,0.1,0.05,0.17,Black3
13.4053863714031,17.6,0.06,6.26,7.63,1.29,0.13,1.47,0.08,0.09,0.13,0.11,0.11,0.03,0.08,White1
11.8632475084152,14.34,0.06,4.84,8.71,1.12,0.1,1.96,0.2,0.07,0.08,0.18,0.12,0.01,0.35,White1
10.9233907367131,18.66,0.04,3.46,7.37,0.94,0.11,1.26,0.04,0.07,0.08,0.07,0.03,0.04,0.34,White2
10.7187532126332,11.37,0.07,3.64,4.6,1.27,0.07,0.97,0.07,0.04,0.07,0.18,0.1,0.05,0.12,White2
5.67562600005855,12.75,0.09,7.81,6.47,1.29,0.08,0.1,0.05,0.06,0.06,0.12,0.05,0.01,0.16,Black2
19.1626775814036,5.99,0.09,8.69,7.96,1.34,0.09,1.49,0.04,0.1,0.03,0.13,0.08,0.06,0.14,White1
12.7150145941199,9.1,0.06,4.41,8.13,1.17,0.1,0.81,0.11,0.06,0.04,0.12,0.1,0.02,0.34,Black1
12.8124139257396,17.05,0.03,4.34,7.46,1.22,0.12,1.69,0.06,0.01,0.07,0.14,0.09,0.07,0.18,White2
13.4453495616308,8.11,0.05,4.6,4.62,1.32,0.06,1.01,0.1,0.01,0.08,0.11,0.05,0,0.17,White2
13.2255976117038,18.37,0.07,7.22,5.93,0.54,0.09,1.44,0.06,0.01,0.08,0.1,0.17,0.05,0.34,Black3
12.3865833997736,14.16,0.04,2.77,8.69,0.63,0.08,1.3,0.07,0.08,0.01,0.12,0.09,0.05,0.33,Black1
8.88592502091856,15.76,0.04,6.82,6.38,0.93,0.03,2.33,0.15,0,0.14,0.15,0.08,0.07,0.29,Black3
14.1072629047067,11.91,0.05,5.66,4.85,1.26,0.06,1.4,0.11,0.04,0,0.14,0.12,0.07,0.11,Black3
7.24136550967286,13.29,0.06,7.42,7.06,0.88,0.11,0.43,0.1,0.1,0.03,0.09,0.07,0,0.16,Black1
9.93201130030926,13.64,0.03,2.65,8.23,0.57,0.07,2.2,0.11,0.08,0.05,0.15,0.09,0.02,0.28,Black3
11.6074987744099,14.28,0.05,5.07,8.16,0.87,0.13,1.17,0.02,0.1,0.08,0.14,0.05,0.07,0.04,White1
9.56989283115083,14.1,0.05,7.36,6.06,1.49,0.06,0.83,0.18,0.04,0.04,0.13,0.1,0.05,0.25,Black3
6.79375246213716,13.85,0.06,4.77,6.15,1.21,0.12,2.59,0.12,0.07,0.07,0.15,0.08,0.04,0.32,White1
9.03052655205285,14.32,0.05,6.08,8.23,1.47,0.1,0.74,0.03,0.05,0.09,0.13,0.1,0.02,0.01,Black3
6.39141158544842,15.57,0.06,8.61,9.37,0.98,0.08,2.64,0.1,0.07,0.13,0.09,0.11,0.01,0.21,Black1
10.6301905881266,12.54,0.07,4.07,6.3,0.91,0.08,0.9,0.05,0.09,0.08,0.16,0.11,0.01,0.3,Black2
5.02345260470674,13.61,0.06,5.42,8.07,1.01,0.06,2.81,0.08,0.04,0.15,0.1,0.07,0.05,0.05,Black3
13.6202559532883,11.37,0.05,8.04,5.54,1.33,0.13,1.25,0.15,0.1,0.12,0.18,0.05,0.07,0.18,Black2
16.5079152545437,10.02,0.09,6.63,6.88,1.14,0.09,1.56,0.12,0.03,0.08,0.12,0.1,0.01,0.3,Black1
15.2524998703828,9.57,0.05,6.44,7.76,0.88,0.06,1.9,0.1,0.05,0.09,0.17,0.05,0.04,0.3,Black1
11.1280620818783,15.25,0.04,7.61,7.06,1.5,0.08,1.09,0.11,0.06,0.1,0.11,0.06,0.03,0.23,Black2
4.36325551527621,16.44,0.08,4.12,5.76,1,0.1,2.74,0.15,0.04,0.11,0.13,0.06,0,0.27,White2
11.2195021057132,14.82,0.09,5.48,7.91,1.11,0.1,2.04,0.08,0.1,0.12,0.11,0.17,0.04,0.16,Black2
11.1031794964124,18.93,0.08,6.76,6.62,0.36,0.08,1.29,0.07,0.05,0.07,0.11,0.06,0.05,0.29,White2
6.21402354804438,17.69,0.07,6.77,4.15,0.64,0.11,2.51,0.06,0.04,0.04,0.11,0.09,0.03,0.33,White2
13.080855853105,16.16,0.02,4.82,7.35,1.06,0.06,1.62,0.05,0.04,0.12,0.14,0.07,0.02,0.26,White2
8.43123068638843,15.63,0.08,4.44,6.41,0.88,0.17,0.64,0.07,0.12,0.06,0.15,0.09,0,0.18,Black1
13.9415165682988,13.07,0.05,7.1,9.08,0.77,0.12,1.52,0.03,0.02,0.05,0.19,0.06,0.07,0.14,Black2
12.395775564341,8.89,0.07,6.54,4.7,1.11,0.16,0.73,0.12,0.02,0.1,0.1,0.1,0.1,0.21,Black2
10.8035315635802,13.84,0.08,5.79,5.73,0.87,0.09,1.24,0.06,0.02,0.03,0.08,0.07,0.05,0.28,White2
7.21676265545064,12.72,0.03,6.98,5.51,0.91,0.08,2.6,0.06,0.07,0.09,0.12,0.05,0.05,0.38,Black2
14.6040945052205,12.28,0.06,5.55,5.24,1.08,0.1,1.53,0.02,0.01,0.14,0.11,0.06,0.04,0.26,White1
8.69373614179592,13.21,0.08,6.3,3.13,0.94,0.14,2.37,0.05,0.11,0.09,0.13,0.06,0.02,0.15,White1
6.16075214889276,12.16,0.05,3.89,5.9,0.93,0.07,0.31,0.13,0.08,0.09,0.16,0.08,0.03,0.29,White2
13.2477584852393,11.59,0.07,6.74,4.36,1.51,0.1,1.42,0.15,0.11,0.1,0.1,0.07,0.08,0.13,White2
12.8660200923051,14.99,0.07,6,7.36,0.86,0.13,1.38,0.1,0.08,0.1,0.13,0.1,0.03,0.19,Black2
13.9447526505011,13.57,0.05,5.67,9.22,1.33,0.03,1.56,0.09,0.07,0.06,0.08,0.04,0.02,0.35,Black3
7.83193482072401,20.69,0.05,9.21,6.9,1.01,0.07,0.54,0.04,0.12,0.02,0.14,0.03,0.02,0.15,Black3
6.07814761305414,11.47,0.04,4.44,5,0.73,0.16,2.86,0.07,0,0.06,0.11,0.09,0.01,0.14,White1
11.3887268047089,12.77,0.08,3.55,7.5,1.65,0.12,1.26,0.02,0.06,0.09,0.15,0.11,0.01,0.1,White2
11.9071467072421,13.66,0.1,8.1,4.25,0.73,0.06,1.22,0.05,0.02,0.05,0.13,0.04,0.03,0.21,Black2
5.6744697043321,16.75,0.05,5.41,8.47,0.96,0.06,0.18,0.03,0.04,0.07,0.07,0.11,0,0.12,Black3
4.46017537734251,13.84,0.1,5.38,6.04,0.33,0.05,2.88,0.1,0.05,0.15,0.1,0.09,0.03,0.31,Black1
11.6425457755104,16.05,0.07,6.16,6.47,0.9,0.12,1.38,0.11,0.01,0.11,0.11,0.07,0.01,0.08,White2
13.9939340972227,11.98,0.04,6.11,9.01,0.66,0.1,1.39,0.07,0.03,0.11,0.08,0.1,0.05,0.5,Black1
12.8017563290542,13.15,0.08,7.4,9.31,0.6,0.15,1.34,0.08,0.04,0.1,0.1,0.09,0.03,0.25,Black1
14.0455107168004,10.23,0.06,2.07,7.85,0.75,0.13,1.38,0.14,0.01,0.1,0.15,0.11,0.06,0.19,White2
10.2374323149317,15.79,0.07,6.9,5.89,0.69,0.09,2.01,0.09,0.01,0.14,0.1,0.08,0.06,0.02,White2
11.3282680578068,12.71,0.07,6.12,9.77,1.11,0.07,2.09,0.1,0.09,0.06,0.15,0.07,0.03,0.35,Black3
1.46640120311734,19.02,0.05,3.62,8.52,0.92,0.11,3.1,0.04,0.07,0.06,0.12,0.12,0.08,0.2,White2
1.00004383781942,17.05,0.02,8.14,8.91,0.62,0.08,3.31,0.05,0.03,0.11,0.14,0.09,0.01,0.25,Black3
12.4100730490508,13.42,0.06,5.18,7.83,0.9,0.1,1.74,0.16,0.04,0.07,0.12,0.06,0.06,0.07,White2
5.66719800740871,14.55,0.05,2.29,7.23,0.58,0.08,2.73,0.01,0.1,0.09,0.1,0.08,0.04,0.1,Black3
14.091986689026,9.72,0.09,4.75,7.25,1.06,0.16,2.03,0.09,0.08,0.09,0.12,0.05,0.02,0.14,Black1
16.0240861840834,10.34,0.07,6.03,6.79,0.65,0.11,1.52,0.07,0.06,0.07,0.12,0.08,0.02,0.36,Black1
0.0646910207807647,12.18,0.05,6.66,5.34,0.93,0.03,3.54,0.1,0.09,0.06,0.16,0.08,0.03,0.2,Black3
10.1092591102488,14.32,0.04,7.62,8.82,1.01,0.05,0.92,0.05,0.04,0.15,0.12,0.09,0.04,0.03,Black1
13.3116746644946,15.61,0.06,5.02,4.08,0.56,0.1,1.78,0.03,0.07,0,0.13,0.09,0.07,0.2,Black1
12.2667242266407,18.68,0.04,1.77,5.75,1.05,0.15,1.28,0.01,0.09,0.13,0.12,0.09,0.04,0.1,Black2
7.59843421551462,13.64,0.07,3.36,10.13,1.27,0.1,2.49,0.11,0.01,0.08,0.09,0.04,0.05,0.27,Black1
13.2855271982702,15.8,0.06,6.73,8.2,0.73,0.08,1.45,0.02,0.05,0.11,0.1,0.09,0.03,0.12,Black2
12.002123294909,21.37,0.08,7.04,7.92,1.06,0.08,1.44,0.05,0.05,0.07,0.1,0.08,0.03,0.24,White2
13.0928523110059,11.59,0.07,6.63,3.9,0.77,0.12,1.19,0.04,0.08,0.06,0.14,0.08,0.03,0.29,Black2
12.2310353000857,12.53,0.08,5.36,6.61,1.15,0.05,1.37,0.09,0.03,0.06,0.14,0.08,0.04,0.16,White2
12.027005880375,15.85,0.02,6.87,5.01,0.86,0.07,1.24,0.11,0,0.1,0.09,0.09,0.01,0.39,Black1
7.11277978192671,15.21,0.04,5.23,6.73,1.13,0.07,0.42,0.03,0.02,0.09,0.11,0.13,0.06,0.06,Black3
12.2067946400743,16.77,0.06,7.65,6.42,0.71,0.08,1.27,0.02,0.1,0.02,0.14,0.06,0.02,0.36,Black2
9.74240233818466,10.09,0.04,4.07,8.36,1.09,0.11,0.44,0,0.06,0.04,0.11,0.1,0.08,0.03,Black2
17.5693111060017,9.1,0.07,5.65,8.47,1.07,0.08,1.62,0.06,0.1,0.13,0.12,0.09,0.04,0.2,Black2
8.16662975465675,21.4,0.08,4.67,8.16,1.06,0.05,0.8,0.12,0.07,0.05,0.08,0.09,0,0.26,White2
12.8060905057387,15.4,0.05,6.97,9.06,1.06,0.08,1.37,0.08,0.07,0.03,0.11,0.09,0.05,0.11,White1
16.7489138510172,10.14,0.08,4.21,8.16,0.73,0.08,1.66,0.08,0.04,0.1,0.14,0.04,0.04,0.34,Black1
14.7079244493849,9.44,0.06,6.48,6.61,0.56,0.11,1.98,0.06,0.04,0.04,0.11,0.05,0.03,0.16,Black1
5.48882272857181,12.01,0.04,2.57,4.91,1.14,0.1,2.73,0.02,0.04,0.07,0.16,0.1,0.02,0.16,White2
7.77200523415757,19.81,0.08,4.08,7.86,1.09,0.03,0.53,0.03,0.06,0.07,0.12,0.07,0.04,0.3,Black3
6.33369515656296,13.93,0.06,6.2,8.5,0.86,0.17,0.29,0.09,0.1,0.11,0.16,0.1,0.01,0.26,Black1
7.93110480242804,13.25,0.05,6.26,7.5,0.64,0.1,0.54,0.03,0.12,0.11,0.1,0.12,0.06,0.21,Black2
7.51796604017687,15.59,0.05,8.46,5.61,1.13,0.11,2.5,0,0.05,0.08,0.14,0.06,0.02,0.19,White1
14.2096509520627,10.81,0.07,3.12,3.95,0.48,0.1,1.76,0.02,0.02,0.08,0.07,0.07,0.02,0.23,White2
5.50626165673321,15.26,0.09,6.98,4.95,0.83,0.15,2.75,0.1,0.09,0.1,0.17,0.09,0.07,0.01,White1
14.2444005833333,15.57,0.07,6.3,7.53,1.04,0.1,1.61,0.16,0.03,0.04,0.1,0.07,0.04,0.12,Black1
12.4683584734954,12.88,0.05,3.91,6.19,1.3,0.13,1.25,0.19,0.08,0.03,0.12,0.08,0.05,0.18,Black1
1.91078534510917,13.03,0.06,5.89,7.19,1.29,0.13,3.23,0.1,0.03,0.09,0.15,0.09,0,0.09,White1
11.4557105681226,7.89,0.09,5.26,7.3,1.21,0.11,0.65,0.02,0.04,0.09,0.1,0.07,0.05,0.33,White2
13.961571151482,12.95,0.08,8.39,8.24,1.13,0,1.74,0.03,0.09,0.06,0.1,0.1,0.01,0.32,Black3
6.06953888409744,17.67,0.04,4.88,6.55,0.6,0.06,2.68,0.12,0.07,0.05,0.13,0.08,0.03,0.21,Black3
13.8749518918588,15.06,0.05,7.74,4.71,0.69,0.1,1.71,0.09,0.05,0.08,0.14,0.07,0.06,0.33,Black2
6.45355432969584,14.66,0.08,7.44,8.51,1.17,0.05,0.31,0.01,0.08,0.11,0.14,0.06,0.05,0.34,Black2
13.9554200671966,13.95,0.05,6.07,6.73,0.77,0.07,1.7,0,0.1,0.12,0.13,0.1,0.05,0.29,Black2
10.9222100608277,12.55,0.06,5.27,10.44,0.99,0.1,0.95,0.11,0.05,0.05,0.1,0.08,0.04,0.09,Black1
10.1475687216307,9.3,0.07,8.36,4.31,1.76,0.16,2.56,0.04,0.08,0.12,0.08,0.08,0.03,0.31,White1
12.44651298634,16.83,0.06,5.32,8.79,0.38,0.13,1.31,0.1,0.04,0.07,0.11,0.13,0.02,0.16,White1
12.0077321723621,17.98,0.04,5.97,6.04,1.13,0.1,1.79,0.13,0.01,0.09,0.11,0.11,0.02,0.2,White2
10.2890478699481,14.73,0.07,5.92,5.77,0.54,0.01,0.95,0.08,0.03,0.08,0.12,0.12,0.06,0.26,Black3
10.0843765247829,20.66,0.06,4.66,4.84,1.32,0.11,1.12,0.09,0.04,0.05,0.18,0.12,0.04,0.21,White2
10.7085549759132,14.74,0.09,5.8,5.64,1,0.09,1.02,0.01,0.1,0.16,0.11,0.08,0.01,0.07,Black2
16.3967826360241,9.93,0.05,5.31,7.75,0.86,0.1,1.53,0.02,0.05,0.1,0.11,0.02,0,0.22,Black3
5.79432887746498,15.05,0.04,5.28,7.2,1.27,0.18,0.2,0.06,0.11,0.16,0.09,0.04,0.04,0.31,Black2
11.6218429824019,16.99,0.06,8.75,9.96,0.48,0.05,1.99,0.06,0.05,0.13,0.09,0.08,0.05,0.17,Black3
15.0671761830077,12.38,0.04,3.9,6.41,0.78,0.12,1.62,0.06,0.06,0.09,0.13,0.08,0.03,0.37,Black2
12.3460565604417,16.02,0.07,4.39,11.23,0.7,0.15,1.9,0.13,0.05,0.11,0.1,0.05,0.03,0.17,Black1
12.1686685230376,13.5,0.04,4.16,8.08,1.22,0.1,1.77,0.07,0.05,0.12,0.13,0.04,0.04,0.4,White2
12.9609966799721,14.1,0.06,3.87,6.38,1.35,0.12,1.6,0.02,0.03,0.08,0.11,0.09,0.04,0.28,White2
13.1656680251374,15.49,0,5.32,8.87,1.28,0.04,1.43,0.11,0.13,0.09,0.14,0.12,0.02,0.29,White1
12.5874610864549,15.01,0.04,5.44,8.72,0.72,0.1,1.87,0.16,0.06,0.19,0.11,0.07,0.01,0.4,Black1
10.4451441609934,10.74,0.05,3.74,8.65,0.86,0.09,0.64,0.09,0.07,0.06,0.1,0.1,0.03,0.21,Black1
11.9437156837529,19.81,0.05,4.43,6.88,1.21,0.17,1.95,0.07,0.06,0.01,0.13,0.09,0.07,0.24,White1
14.3499179861135,11.47,0.06,3.81,4.88,1.3,0.08,1.68,0.08,0.02,0.1,0.08,0.08,0.07,0.29,White2
12.9259496788716,16.55,0.03,6.9,7.31,1.28,0.03,1.39,0.1,0.13,0.12,0.11,0.16,0.04,0.3,Black2
13.7649638908018,15.37,0.07,9.51,8.71,0.9,0.1,1.53,0.09,0.12,0.08,0.14,0.09,0.01,0.1,White1
14.3043301698998,18.68,0.08,6.59,7.25,1.04,0.13,1.62,0.12,0.09,0.07,0.11,0.1,0.04,0.36,White1
9.00564396658694,13.56,0.06,6.29,11.24,0.89,0.05,0.94,0.04,0.11,0.06,0.13,0.12,0.08,0.33,White2
5.97411763716431,15.36,0.04,6.27,6.95,1.22,0.15,0.23,0.03,0.02,0.12,0.08,0.15,0.01,0.27,White1
12.6263017460394,19.46,0.03,5.66,5.91,0.34,0.12,1.34,0.03,0.05,0.04,0.11,0.12,0.01,0.43,Black2
7.85828908829662,11.46,0.07,3.95,6.65,1.18,0.05,0.3,0.07,0.07,0.11,0.09,0.1,0.04,0.23,Black1
9.1273295469318,14.38,0.04,7.1,6.48,0.69,0.13,2.3,0.03,0.05,0.04,0.11,0.07,0.09,0.11,Black1
5.79432887746498,16.65,0.04,3.97,5.28,1.62,0.11,0.2,0.07,0.04,0.11,0.1,0.05,0.04,0.22,Black2
12.2483569819761,10.66,0.03,7.33,8.24,0.69,0.08,2.17,0.09,0.01,0.09,0.11,0.08,0.06,0.36,Black3
13.9447526505011,16.43,0.11,4.64,6.55,1.11,0.04,1.56,0.08,0.07,0.05,0.08,0.1,0.04,0.3,Black1
7.59843421551462,14.22,0.05,5.95,7.63,0.95,0.11,2.49,0.02,0.04,0.04,0.12,0.06,0.04,0.16,Black3
15.1710877501061,8.63,0.08,5.98,8.28,0.81,0.06,1.16,0.13,0.09,0.05,0.16,0.1,0.06,0.15,Black1
8.04677058152387,15.43,0.04,3.52,9.38,1.72,0.1,0.78,0.13,0.07,0.13,0.12,0.1,0,0.03,White2
9.42515107255204,13.79,0.04,5.04,5.86,0.41,0.05,1.01,0.13,0.08,0.08,0.13,0.09,0.06,0.07,White2
5.05029125320176,14.8,0.07,4.63,6.46,1.18,0.08,0.28,0.13,0.06,0.06,0.13,0.11,0.06,0.29,White2
10.5880588715821,12.52,0.04,5.26,5.26,1.32,0.14,2.2,0.04,0.09,0.05,0.15,0.09,0.04,0.36,White1
8.10387312181709,8.92,0.07,5.25,7.2,1.13,0.11,2.85,0.09,0.06,0.09,0.1,0.05,0.04,0.15,Black1
12.0620528814755,17.24,0.06,4.18,10.38,1.23,0.09,1.45,0.04,0.04,0.1,0.13,0.05,0.02,0.29,White2
11.2534608323416,13.23,0.1,6.04,8.96,0.77,0.11,2.05,0.07,0.05,0.09,0.12,0.07,0.03,0.21,White1
6.28538588740538,12.97,0.04,4.5,7.22,1.65,0.09,2.54,0.02,0.06,0.11,0.12,0.08,0.07,0.23,White2
17.1271335523699,7.64,0.05,5.73,8.57,1,0.04,1.85,0.09,0.01,0.04,0.11,0.13,0.02,0.12,Black3
8.91095838514129,10.63,0.09,8.13,7.88,0.88,0.18,0.37,0.04,0.03,0.03,0.12,0.1,0.03,0.07,Black2
8.72498867024307,14.8,0.06,5.14,7.51,0.97,0.06,2.35,0.06,0.04,0.03,0.12,0.11,0.01,0.05,Black3
8.5982497210113,10.49,0.09,5.08,3.46,1.24,0.08,0.3,0.1,0.04,0.1,0.14,0.1,0.04,0.4,Black1
11.6858594710111,15.59,0.09,5.33,6.49,0.3,0.06,1.83,0.11,0.05,0.1,0.13,0.06,0.03,0.16,White2
6.8742206374749,17.38,0.08,6.3,6.96,0.57,0.06,2.58,0.08,0.05,0.04,0.12,0.11,0.05,0.38,Black3
12.8736485524362,13.37,0.07,5.48,6.22,0.91,0.12,1.38,0.08,0.06,0.09,0.07,0.12,0.07,0.16,Black2
8.52522558206174,12.36,0.05,5.79,9.67,0.96,0.09,0.73,0.1,0.05,0.08,0.11,0.08,0.06,0.29,White2
14.0046822370675,15.16,0.08,7.58,4.43,1.07,0.12,1.57,0.04,0.07,0.06,0.1,0.06,0.02,0.27,Black2
9.65861555792605,13,0.06,8.66,6.97,1.34,0.1,2.27,0.11,0.06,0.13,0.1,0.13,0.06,0.16,White1
9.36873407294504,17.91,0.09,8.57,4.27,0.8,0.11,2.27,0.06,0.03,0.03,0.13,0.09,0.05,0.09,Black3
5.94923505169839,21.54,0.04,5.47,7.76,0.63,0.14,0.43,0.07,0.02,0.09,0.17,0.11,0.08,0.06,White2
8.30619610682578,16.48,0.09,4.76,7.59,1.13,0.14,2.25,0.1,0.05,0.1,0.11,0.03,0.05,0.26,White2
10.948273322179,13.96,0.07,5.52,4.84,0.92,0.12,1.06,0.08,0.09,0.02,0.13,0.05,0.04,0.14,White1
12.7781802628886,9.41,0.07,3.34,7.07,0.96,0.04,0.86,0.03,0.13,0.06,0.1,0.07,0,0.02,Black2
12.0847974792213,12.99,0.07,4.73,8.32,1.26,0.11,1.2,0.1,0.01,0.07,0.15,0.11,0.05,0.15,Black3
9.95295625370605,9.85,0.07,4.17,7.97,0.82,0.11,2.38,0.09,0.02,0.07,0.12,0.09,0.03,0.27,White2
14.0358882425343,19.35,0.05,6.44,8.08,0.6,0.14,1.69,0.08,0.12,0.05,0.08,0.09,0.08,0.32,Black2
5.94923505169839,13.46,0.04,5.1,4.49,0.54,0.09,0.43,0.07,0.03,0.1,0.12,0.09,0.05,0.05,White2
6.15000705943519,16.04,0.05,5.53,7.29,1.44,0.06,2.67,0.18,0.01,0.1,0.13,0.14,0.06,0.5,Black3
14.4353448915873,10.93,0.08,7.17,6.22,1.16,0.14,1.33,0.14,0.07,0.08,0.18,0.1,0.04,0.3,White1
11.8804719389358,12.83,0.07,7.4,6.08,0.69,0.06,2.01,0.09,0.1,0.07,0.12,0.11,0.06,0.2,Black2
16.9789964772853,9.1,0.04,5.09,6.91,1.02,0.09,1.73,0.07,0.12,0.05,0.13,0.05,0.05,0.13,Black2
12.4673732346161,13.01,0.07,5.53,3.97,1.3,0.11,1.92,0.1,0.09,0.05,0.17,0.1,0.07,0.25,Black2
6.21291249268068,11.81,0.05,5.46,5.86,1.49,0.1,0.07,0.04,0.04,0.07,0.09,0.04,0.06,0.2,Black2
11.6838509322762,11.4,0.05,5.16,6.17,0.75,0.08,2.17,0.04,0.05,0.02,0.1,0.08,0.02,0.25,Black3
8.25144192668911,14.97,0.07,5.22,7,1,0.07,0.61,0.07,0.06,0.07,0.1,0.09,0,0.07,Black3
18.7579050636724,7.19,0.06,6.17,9.44,1.01,0.13,1.69,0.07,0.1,0.06,0.09,0.11,0.06,0.41,Black2
11.1631090829789,15.31,0.05,7.35,5.4,0.73,0.08,1.3,0.11,0.06,0.05,0.09,0.02,0.07,0.22,White2
12.6226416628118,9.22,0.05,5.89,5.95,0.79,0.03,2.26,0.01,0,0.03,0.08,0.06,0.08,0.02,Black3
12.8288656124681,15.47,0.07,4.22,7.48,1.17,0.11,1.84,0.14,0.13,0.08,0.1,0.1,0.03,0.18,Black2
9.67661273223874,11.9,0.09,6.96,7.49,1.21,0.06,2.22,0.06,0.08,0.12,0.17,0.07,0.08,0.22,White2
9.15038572518574,14.91,0.08,3.24,6.69,1.01,0.12,0.76,0.01,0.07,0.11,0.11,0.07,0.01,0.15,Black2
6.63281611146166,14.61,0.04,5.37,7.31,0.8,0.05,2.61,0.06,0.04,0.08,0.12,0.1,0.03,0.35,Black3
5.74766618274645,13.72,0.05,5.38,9.85,0.66,0.09,2.72,0.12,0.05,0.11,0.11,0.04,0.01,0.17,Black1
9.06138960004276,10.04,0.04,5.52,6.87,1.1,0.11,0.32,0.08,0.11,0.05,0.1,0.11,0.04,0.2,Black2
2.93128004592533,15.34,0.06,6.7,9.67,0.55,0.05,3.07,0.12,0.09,0.15,0.13,0.11,0.02,0.11,Black3
16.2660007193136,10.18,0.08,7.1,9.1,1.06,0.14,1.54,0.1,0.02,0.08,0.14,0.07,0.05,0.3,Black1
13.4726110151701,13.54,0.1,8.47,6.79,0.9,0.08,1.76,0.08,0.08,0.04,0.16,0.12,0.01,0.3,Black2
13.7649638908018,19.59,0.07,4.9,7.81,1.24,0.1,1.53,0.13,0.11,0.09,0.12,0.1,0.05,0.08,White1
8.55108985952132,17.31,0.07,5.69,7.84,1.34,0.06,0.66,0.05,0.07,0.1,0.13,0.11,0.01,0.01,White1
12.9184958224733,11.74,0.04,5.97,7.21,0.81,0.14,1.18,0.17,0.09,0.06,0.12,0.07,0.05,0.1,Black2
10.7283206765927,11.94,0.08,5.07,5.57,1.16,0.14,0.84,0.06,0.06,0.1,0.1,0.1,0.05,0.11,Black2
6.69327267596161,18.41,0.07,6.5,8.55,1.26,0.12,0.35,0.07,0.08,0.08,0.13,0.05,0.02,0.15,Black2
17.5941955497214,8.61,0.04,5.06,7.24,0.9,0.08,1.7,0.08,0.11,0.14,0.14,0.05,0.07,0.2,Black1
9.0904561386193,13.76,0.09,6.97,6.83,0.87,0.14,0.75,0.11,0.06,0.05,0.17,0.15,0.05,0.26,Black1
12.8928821010773,13.42,0.07,7.27,6.37,1.06,0.09,1.68,0.11,0.03,0.11,0.1,0.09,0.02,0.02,White2
3.65549362396505,13.66,0.07,4.41,6.2,0.91,0.11,2.98,0.14,0.03,0.07,0.13,0.03,0.12,0.28,White1
13.7826647097558,10.02,0.09,7.65,9.84,1.03,0.08,2.04,0.03,0.08,0.08,0.15,0.1,0.03,0.14,Black3
2.56289789586504,13.23,0.06,4.52,11.82,1.17,0.18,3.13,0.14,0.1,0.06,0.13,0.11,0.04,0.35,Black2
10.2890478699481,14.52,0.02,7.16,7.93,1.22,0.09,0.95,0.03,0.01,0.05,0.1,0.07,0.05,0.21,Black3
10.334352176998,17.01,0.08,8.93,5.97,1.13,0.1,2.15,0.11,0.05,0.09,0.12,0.08,0.07,0.21,White1
12.5069929111171,16.29,0.06,5.2,5.97,1.1,0.09,1.88,0.11,0,0.02,0.12,0.15,0.01,0.17,Black3
10.0929476509848,13.38,0.07,5.67,9.67,0.78,0.08,2.18,0.08,0.08,0.03,0.12,0.09,0.05,0.25,Black1
3.49135396808823,11.38,0.03,5.76,6.64,0.78,0.08,3.19,0.05,0.01,0.08,0.1,0.08,0.04,0.26,Black1
6.53782273117736,10.34,0.05,5.9,5.82,1.03,0.07,2.91,0.04,0.09,0.1,0.1,0.09,0.01,0.32,Black2
11.8083259330036,10.21,0.07,5.34,5.52,0.27,0.06,0.8,0.06,0.17,0.16,0.12,0.14,0.01,0.52,Black2
-2.29915135102818,16.26,0.05,7.4,6.83,1.62,0.11,3.72,0.06,0.01,0.09,0.11,0.06,0.01,0.25,Black3
11.3078508415777,15.83,0.06,5,4.76,1.16,0.07,1.12,0.07,0.04,0.04,0.11,0.13,0,0.39,Black3
15.5959107247493,9.88,0.03,4.9,8.04,1.07,0.17,1.39,0.04,0.09,0.01,0.13,0.1,0.02,0.18,White1
7.75937056619011,18,0,5.91,7.27,0.62,0.15,2.47,0.12,0.06,0.09,0.11,0.07,0.03,0.17,White1
12.6679292617926,13.87,0.07,7.05,6.26,0.78,0.16,1.86,0.04,0.07,0.07,0.11,0.13,0.03,0.18,Black2
13.9475360809483,8.96,0.08,5.62,6.93,1.01,0.13,2.12,0.16,0.05,0.09,0.11,0.13,0.04,0.06,Black1
-2.24575213011063,13.31,0.08,7.82,7.01,1.04,0,3.72,0.08,0.15,0.13,0.14,0.12,0.04,0.22,Black3
7.66245070412381,14.52,0.07,4.18,8.14,1.74,0.05,2.33,0.05,0.02,0.07,0.12,0.11,0.04,0.17,White2
8.70599603375473,14.46,0.04,4.3,7.58,0.57,0.06,0.89,0.11,0.07,0.07,0.1,0.13,0.06,0.02,White2
5.22250975401428,12.84,0.07,5.46,7.44,1.46,0.12,0.24,0.07,0.03,0.04,0.09,0.1,0.04,0.3,White2
6.91777533449289,12.69,0.07,7.52,5.01,0.77,0.09,2.64,0.15,0.06,0.1,0.1,0.07,0.09,0.33,Black3
8.70599603375473,16.16,0.02,3.35,7.32,1.09,0.09,0.89,0.18,0,0.04,0.11,0.1,0.07,0.25,White2
10.9338382506284,13.1,0.09,5.85,7.11,0.91,0.12,1.95,0.02,0,0.06,0.14,0.08,0.12,0.27,White2
13.9974973883689,12.27,0.09,5.26,6.16,0.72,0.12,1.8,0.06,0.07,0.05,0.09,0.1,0.01,0.04,Black1
3.17268457193857,16.95,0.05,6.31,7.47,1.1,0.05,3.04,0.05,0.06,0.06,0.14,0.06,0.06,0.16,Black3
11.3677804281441,16.89,0.03,6.07,6.91,1.48,0.06,1.13,0.12,0.1,0.05,0.12,0.07,0.06,0.04,White1
13.3119503012666,10.51,0.08,4.55,8.44,0.91,0.07,1.9,0.1,0.04,0.12,0.13,0.09,0.06,0.19,White2
6.37495989871986,20.94,0.09,7.68,7.44,1.45,0.11,2.49,0.05,0.05,0.07,0.12,0.08,0.07,0.25,White2
9.21935725274569,12,0.08,5.37,6.59,0.4,0.02,0.8,0.08,0.01,0.07,0.17,0.07,0.03,0.07,White2
11.1953809303771,10.88,0.04,4.02,8.03,1.02,0.1,2.28,0.15,0.04,0.08,0.12,0.13,0.04,0.23,Black1
11.3078508415777,14.45,0.04,6.11,7.14,0.7,0.01,1.12,0.13,0.16,0.13,0.09,0.08,0.06,0.01,Black2
8.70599603375473,25.17,0,5.59,3.58,0.88,0.08,0.89,0.12,0.06,0.14,0.11,0.08,0.07,0.18,White2
10.8035315635802,18.83,0.07,3.63,5.6,1.47,0.06,1.24,0.11,0.02,0.06,0.13,0.13,0.05,0.24,White2
13.5851751311024,14.42,0.06,6.75,3.58,0.59,0.09,1.5,0.08,0.06,0.12,0.13,0.06,0.02,0.12,White1
8.16171144287884,17.58,0.05,5.11,7.84,1.49,0.08,2.42,0.11,0.02,0.08,0.13,0.07,0.04,0.25,Black3
8.72498867024307,15.89,0.07,7.17,8.76,1.51,0.07,2.35,0.03,0.03,0,0.12,0.06,0.02,0.17,Black3
12.2667242266407,16.23,0.05,8.29,6.31,0.92,0.04,1.28,0.13,0.1,0.07,0.16,0.09,0.03,0.27,Black3
8.10670016809031,20.57,0.07,5.61,6.9,1.23,0.08,0.79,0.13,0,0.06,0.13,0.08,0.02,0.17,White2
6.65004054198229,12.83,0.06,5.64,5.47,1.06,0.13,2.66,0.01,0.1,0.09,0.06,0.09,0.09,0.19,White1
9.15038572518574,19,0.05,6.74,5.71,1.05,0.13,0.76,0.03,0.08,0.05,0.13,0.11,0.06,0.26,Black2
12.9990563992243,12.42,0.06,6.49,7.11,1.25,0.08,1.28,0.1,0.08,0.13,0.15,0.12,0.05,0.18,Black2
8.14525975615028,14.78,0.07,3.71,9.31,1.11,0.05,2.27,0.09,0.07,0.07,0.13,0.09,0.01,0.18,White2
10.9233907367131,15.65,0.06,7,5.06,1.28,0.12,1.26,0.03,0.04,0.06,0.13,0.09,0.02,0.22,White2
15.6600580855117,11.21,0.08,5.47,5.85,0.94,0.09,1.57,0.06,0.07,0.06,0.09,0.05,0.02,0.27,Black1
10.7796644911933,12.39,0.07,3.17,4.19,0.59,0.12,1.11,0.07,0.09,0.09,0.14,0.06,0.04,0.59,White2
13.5530791905078,14.04,0.05,4.96,7.97,0.98,0.11,1.75,0.04,0.04,0.09,0.13,0.07,0.03,0.12,White1
14.2772927685476,16.04,0.08,6.02,7.36,0.97,0.14,1.66,0.11,0.1,0.03,0.14,0.09,0.04,0.12,White1
9.77107494963377,18.91,0.1,7.4,6.68,1.18,0.09,2.22,0.02,0.04,0.03,0.1,0.08,0.06,0.17,Black3
8.15233014622934,12.96,0.05,4.96,8.26,1.47,0.06,0.54,0.11,0.08,0.14,0.04,0.12,0.04,0.4,Black1
2.12659829254787,13.72,0.07,5.24,6.29,1.14,0.13,3.17,0.01,0.03,0.11,0.07,0.11,0.04,0.03,White1
1.18435570330096,12.4,0.03,10.25,6.93,0.81,0.17,3.38,0.01,0.04,0.04,0.11,0.04,0.02,0.27,White1
13.3076880718058,11.59,0.06,5.38,5.01,0.87,0.05,1.43,0.04,0.1,0,0.12,0.1,0.06,0.09,White2
14.0029178369719,11.15,0.05,3.58,6.56,1.25,0.07,1.49,0.07,0.09,0.05,0.12,0.13,0.02,0.12,White2
10.7436019770138,18.47,0.04,3.98,5.19,0.96,0.08,1.23,0.1,0.07,0.08,0.11,0.05,0.03,0.11,White2
3.46255908431236,9.73,0.05,7.96,4.66,1.22,0.09,3.35,0.07,0.15,0.15,0.08,0.12,0.04,0.07,Black1
12.5304842490262,12.72,0.07,1.45,10.65,1.06,0.12,1.24,0.03,0.06,0.1,0.07,0.03,0.11,0.27,Black2
14.4604028949555,9.11,0.07,3.47,5.76,1.17,0.1,1.89,0.07,0.1,0.05,0.14,0.12,0.02,0.32,White2
13.8248934773682,18.58,0.01,6.73,4.78,1,0.1,1.54,0.06,0.08,0.04,0.11,0.08,0.05,0.43,Black2
7.62937708311998,12.31,0.03,8.19,8.78,0.95,0.04,0.37,0.07,0.06,0.16,0.09,0.11,0,0.2,Black3
12.6263017460394,14.97,0.03,4.37,7.23,1.61,0.1,1.34,0.08,0.03,0.05,0.14,0.1,0.09,0.46,Black2
13.2255976117038,15.26,0.11,5.97,7.14,1.19,0.1,1.44,0,0.04,0.06,0.09,0.13,0.03,0.13,Black1
6.23047523477293,18.49,0.08,4.89,7.67,1.14,0.09,2.66,0.11,0.07,0.1,0.15,0.11,0,0.35,White1
11.1631090829789,13.45,0.1,4.79,8.28,1.51,0.02,1.3,0.07,0.05,0.17,0.14,0.12,0.05,0.19,White2
11.3078508415777,14.81,0.08,4.12,6.5,0.78,0.1,1.12,0.07,0.07,0.13,0.14,0.07,0.06,0.25,White1
14.2444005833333,15.05,0.08,3.16,8.66,0.81,0.14,1.61,0.08,0.1,0.12,0.17,0.05,0.06,0.14,Black1
9.69060677429602,13.83,0.09,5.25,6.4,0.16,0.05,2.23,0.04,0.14,0.11,0.09,0.1,0.02,0.1,Black3
13.3598484155937,11.24,0.05,1.66,6.01,1.19,0.06,1.19,0.02,0.12,0.09,0.13,0.13,0.02,0.27,Black2
14.3043301698998,21.25,0.07,4.92,7.92,1.09,0.05,1.62,0.06,0.07,0.07,0.15,0.07,0.02,0.01,Black3
12.9609966799721,15.33,0.03,5.37,2.76,0.96,0.06,1.6,0.08,0.06,0.08,0.13,0.07,0.07,0.15,White2
10.2841394099798,8.28,0.08,6.56,7.07,0.82,0.08,0.3,0.09,0.06,0.17,0.11,0.09,0.05,0.08,Black1
16.0338526319346,10.72,0.05,6.55,6.76,1.04,0.09,1.57,0.04,0.08,0.09,0.12,0.08,0.01,0.05,Black2
13.7335847607723,11.3,0.04,8.82,6.11,0.92,0.15,1.26,0.1,0.05,0.1,0.12,0.06,0.02,0.06,White1
13.4053863714031,15.21,0.06,6.58,9.51,1.27,0.06,1.47,0.13,0.1,0.1,0.1,0.06,0.02,0.19,White1
15.0476432873053,11.62,0.07,8,10.16,0.72,0.08,1.52,0.02,0.05,0.02,0.17,0.03,0,0.25,Black3
8.70599603375473,17.04,0.04,6.15,7.89,1.03,0.09,0.89,0.11,0.05,0.09,0.15,0.11,0.07,0.33,White2
10.5506552588495,12.78,0.08,6.04,7.6,0.5,0.08,2.18,0.02,0.16,0.08,0.09,0.08,0.04,0.14,Black2
12.3865833997736,19.18,0.06,5.89,5.69,1.28,0.06,1.3,0.08,0.08,0.14,0.1,0.06,0.03,0.31,Black2
10.8171612290245,16.5,0.07,7.25,9,1,0.12,2.09,0.08,0.12,0.06,0.16,0.07,0.01,0.28,White1
7.19609333882589,16.48,0.08,4.64,6.89,0.93,0.09,2.54,0.08,0.07,0.03,0.15,0.09,0.06,0.47,White1
10.656224878349,17.53,0.05,6.83,6.9,0.95,0.08,2.11,0.2,0.09,0.1,0.13,0.07,0.06,0.18,White1
9.50996324458439,17.48,0.01,4,6.04,0.95,0.08,0.82,0.01,0.1,0.07,0.11,0.1,0.02,0.3,Black2
9.45003365801795,18.01,0.06,7.74,5.75,1.24,0.04,0.81,0.15,0.1,0.07,0.08,0.1,0.05,0.11,White1
8.25505159651592,11.85,0.08,4.68,7.39,1.12,0.04,0.62,0.06,0.01,0.06,0.11,0.07,0.08,0.3,White2
13.9447526505011,15.94,0.09,6.81,5.74,1.19,0.04,1.56,0.04,0.05,0,0.17,0.11,0.05,0.21,Black3
12.9860538691708,11.73,0.07,3.37,11.25,0.76,0.13,1.19,0.08,0.07,0.11,0.15,0.04,0.02,0.08,Black1
17.9773211851053,4.48,0.09,3.39,6.54,1.02,0.09,1.1,0.1,0.13,0.07,0.16,0.1,0.07,0.26,Black1
14.7080060723189,8.53,0.04,6.1,6.74,1.07,0.14,1.07,0.08,0.09,0.13,0.13,0.06,0.08,0.11,Black1
8.88592502091856,16.4,0.11,8.1,7.58,0.82,0.06,2.33,0.06,0.04,0.1,0.13,0.11,0.03,0.01,Black3
7.27656151416364,13.65,0.02,5,4.16,1.08,0.13,2.53,0.05,0.04,0.08,0.16,0.06,0.05,0.19,White1
7.35702968950138,17.61,0.02,4.69,9.93,0.9,0.15,2.52,0.1,0.08,0.06,0.13,0.08,0.05,0.17,White1
9.45003365801795,16.5,0.04,7.35,8.27,1.35,0.16,0.81,0.06,0.11,0.1,0.13,0.04,0.05,0.16,Black2
3.01174822126308,16.89,0.09,4.98,9.01,0.68,0.07,3.06,0.06,0.08,0.05,0.11,0.12,0.02,0.18,Black3
13.2813094240743,12.05,0.06,5.01,6.64,1.1,0.1,1.28,0.08,0.13,0.07,0.15,0.07,0.07,0.34,Black1
8.96639319625631,13.8,0.04,5.57,7.91,0.75,0.09,2.32,0.05,0.13,0.07,0.11,0.06,0.03,0.27,Black2
6.33369515656296,17.19,0.07,6.49,6.65,1.41,0.09,0.29,0.07,0.03,0.11,0.06,0.11,0.01,0.01,Black2
14.3198780963832,10.61,0.05,6.8,5.88,1,0.1,1.27,0.01,0.08,0.05,0.09,0.09,0.08,0.19,Black2
8.25144192668911,14.14,0.05,6.69,6.43,1.06,0.11,0.61,0.07,0.04,0.08,0.12,0.07,0.03,0.42,Black2
8.78650648570451,12.35,0.09,5.18,11.74,1.01,0.08,2.44,0.12,0.01,0.06,0.14,0.09,0.05,0.26,Black1
6.95985265566522,11.58,0.04,4.22,4.33,1.01,0.06,2.74,0.04,0.06,0.1,0.12,0.1,0.03,0.37,Black3
9.6876140165636,12.99,0.07,4.51,5.6,1.11,0.13,0.8,0.08,0.04,0.04,0.13,0.12,0.07,0.56,Black1
8.91066737891997,15.4,0.1,5.86,6.42,0.86,0.14,0.72,0.06,0.09,0.04,0.14,0.07,0.03,0.24,White1
18.4589177427146,7.16,0.06,4.85,8.08,1.15,0.12,1.73,0.03,0.04,0.14,0.14,0.06,0.01,0.3,Black1
13.8948223167629,11.56,0.05,4.9,7.05,0.57,0.14,1.32,0.1,0.09,0.11,0.1,0.1,0.03,0.2,Black2
9.20779772226954,15.11,0.08,7.49,6.68,1.1,0.09,2.29,0.07,0.07,0.09,0.11,0.05,0.06,0.33,Black1
13.7649638908018,13.88,0.06,7.58,6.39,0.92,0.12,1.53,0.09,0.04,0.02,0.08,0.08,0.08,0.14,Black1
12.7483974371304,16.22,0.05,5.61,5.38,0.95,0.07,1.85,0.07,0.06,0.08,0.11,0.08,0.02,0,Black3
12.7483974371304,14.64,0.03,4,6.53,0.86,0.16,1.85,0.13,0.06,0.02,0.09,0.07,0.03,0.25,White1
6.97462659022106,12.9,0.05,5.48,7.29,0.48,0.05,0.54,0.07,0.04,0.06,0.14,0.11,0.02,0.28,White2
12.1219824680419,16.78,0.07,5.32,8.22,1.13,0.12,1.46,0.14,0.05,0.12,0.12,0.07,0.06,0.13,White2
13.0939504054881,11.51,0.08,4.87,7.85,0.92,0.11,1.18,0.05,0.02,0.11,0.17,0.05,0.06,0.03,Black1
12.6014191605735,14.93,0.06,6.53,5.79,0.76,0.07,1.54,0.08,0,0.08,0.12,0.05,0.06,0.27,White2
11.9437156837529,19.68,0.06,7.97,6.96,1.7,0.08,1.95,0.06,0.1,0.11,0.06,0.11,0.07,0.03,White1
12.0608487839004,12.91,0.02,7.29,6.58,1.15,0.11,1.98,0.04,0.03,0.12,0.11,0.13,0.09,0.36,Black3
14.8329345631735,10.12,0.04,8.96,7.25,0.9,0.17,1.9,0.04,0.08,0.12,0.09,0.09,0.06,0.28,Black2
10.012479475647,14.57,0.06,7.92,9.4,0.92,0.09,2.19,0.04,0.04,0.1,0.15,0.11,0.03,0.04,Black1
8.64452049490532,15.84,0.09,6.76,8.2,0.7,0.14,2.36,0.08,0.06,0.06,0.1,0.05,0.06,0.41,Black1
10.1443061113493,19.62,0.06,4.2,9.98,1.21,0.03,1.13,0.07,0.05,0.14,0.09,0.07,0.01,0.34,White2
6.29449172338212,15.3,0.05,3.9,7.71,1.43,0.09,2.5,0.12,0.06,0.06,0.16,0.07,0.07,0.29,White2
12.6862313326058,17.63,0.03,7.5,7.7,0.64,0.08,1.35,0.05,0.01,0.04,0.11,0.08,0.03,0.15,Black3
5.74766618274645,13.97,0.08,5.58,7.81,0.89,0.14,2.72,0.05,0.07,0.03,0.07,0.08,0.06,0.33,Black1
10.4148203523357,16.44,0.05,5.48,8.89,1.44,0.04,2.14,0.11,0.06,0.1,0.09,0.12,0.02,0.18,Black3
12.5663721594729,16.15,0.09,4.82,6.07,0.91,0.14,1.33,0.1,0.02,0.12,0.11,0.07,0.06,0.15,Black2
9.52967042362053,14.53,0.06,3.54,6.74,1.13,0.03,2.25,0.01,0.07,0.08,0.11,0.09,0.06,0.26,Black1
7.40185417864685,10.33,0.06,7.36,6.95,1.46,0.1,0.08,0.06,0.11,0.08,0.13,0.11,0,0.4,White1
18.5566767463575,7.57,0.03,7.09,6.87,0.98,0.14,1.59,0.09,0.11,0.08,0.13,0.14,0.01,0.04,Black2
10.9233907367131,15.31,0.04,2.7,6.79,1.05,0.05,1.26,0.08,0.04,0.1,0.17,0.13,0.04,0.28,White2
9.53978639933636,9.57,0.03,8.23,3.57,1.47,0.01,0.34,0.1,0.11,0.07,0.13,0.05,0.03,0.18,Black3
14.38226105705,9.71,0.06,5.94,5.13,1.05,0.09,1.37,0.1,0,0.11,0.1,0.11,0.02,0.16,White2
9.90458776508357,18.3,0.09,5.03,4.69,1.28,0.16,1.09,0.07,0.07,0.11,0.09,0.05,0.06,0.43,White2
14.0336721787658,12.75,0.06,5.78,5.94,1.17,0.09,1.75,0.07,0.07,0.04,0.15,0.11,0.02,0.39,Black2
8.43978089370182,12.91,0.06,6.31,4.5,0.92,0.1,2.43,0.09,0.07,0.09,0.09,0.08,0.05,0.24,Black2
16.9481697531819,9.6,0.04,2.87,10.61,1.22,0.11,1.58,0.08,0.06,0.12,0.09,0.05,0.09,0.32,Black1
12.44651298634,14.04,0.06,6.85,8.96,1.02,0.06,1.31,0.1,0.12,0.11,0.09,0.12,0.02,0.45,Black2
16.8424112045848,10.21,0.03,4.24,6.52,1.27,0.09,1.64,0.17,0.06,0.09,0.1,0.07,0.01,0.2,White1
4.04138281392522,21.9,0.09,6.63,5,1.09,0.11,2.78,0.06,0.06,0.06,0.12,0.05,0.07,0.21,White2
13.3454567848367,15.84,0.03,7.76,7.25,1.22,0.12,1.46,0.02,0.07,0.08,0.11,0.07,0.07,0.13,White1
7.26010982743508,14.73,0.07,7.4,7.44,0.89,0.16,2.38,0.04,0.04,0.09,0.12,0.12,0.08,0.24,White2
14.0046822370675,17.81,0.05,5.03,4.57,0.88,0.09,1.57,0.1,0.08,0.09,0.14,0.13,0.05,0.15,Black2
7.17964165209733,14.49,0.06,4.72,7.25,1.1,0.09,2.39,0.1,0.03,0.05,0.11,0.07,0.04,0.37,White2
9.43275056155423,14.45,0.05,3.83,6.53,1.21,0.09,2.11,0.05,0.05,0.08,0.04,0.08,0.06,0.25,White2
14.1955818256597,7.58,0.04,5.93,7.79,1.27,0.13,2.22,0.06,0.09,0.08,0.12,0.08,0.04,0.2,White1
10.5287662162139,18.17,0.03,5.53,8.27,1.03,0.13,0.99,0.13,0.05,0.03,0.12,0.03,0.03,0.24,Black3
16.0438922137566,9.06,0.05,5.12,7.16,0.82,0.04,1.85,0.07,0.01,0.01,0.1,0.11,0.02,0.25,Black3
9.47078105069107,12.96,0.05,4.65,6.42,1.45,0.14,0.76,0.03,0.06,0.1,0.13,0.12,0.01,0.18,White1
11.320922207055,13.12,0.07,2.47,9.43,1.34,0.12,1.9,0.11,0.01,0.07,0.14,0.08,0.05,0.12,White2
12.7168033743744,12.79,0.05,3.37,6.25,0.87,0.09,1.28,0.08,0.02,0.09,0.12,0.1,0.1,0.09,Black2
13.8848230639347,15.04,0.05,5.7,7.11,1.15,0.06,1.55,0.02,0.06,0.11,0.08,0.11,0,0.04,Black1
13.6693791987656,10.52,0.03,6.41,7.98,1.6,0.12,1.15,0.04,0.01,0.07,0.1,0.09,0.04,0.15,White1
11.6425457755104,18.85,0.05,7,4.58,0.99,0.11,1.38,0.08,0.03,0.05,0.14,0.11,0.09,0.05,White2
6.95468881281265,14.55,0.07,7.13,4.81,1.39,0.07,2.57,0.06,0.09,0.04,0.11,0.04,0.06,0.32,White1
10.2641652844822,16.74,0.06,3.05,6.5,1.13,0.12,1.15,0.07,0.01,0.09,0.13,0.12,0.01,0.1,White2
14.3447850620081,12.07,0.07,5.76,6.58,1.08,0.08,1.46,0.04,0.02,0.06,0.13,0.03,0.04,0.05,Black2
11.1879916684448,15.25,0.02,5.51,6.83,0.81,0.08,1.1,0.11,0.1,0.05,0.17,0.11,0.05,0.44,Black1
9.65935456624793,12.32,0.07,4.6,9.86,0.76,0.07,0.71,0.09,0.08,0.1,0.11,0.08,0.06,0.26,Black2
1.74615555481953,11.98,0.07,7.18,4.63,1.28,0.12,3.35,0.05,0.15,0.03,0.1,0.11,0.04,0.18,Black2
10.8883437356126,14.45,0.05,6.78,4.6,0.86,0.15,1.05,0.13,0.02,0.1,0.09,0.1,0.02,0.22,Black2
10.656224878349,15.9,0.06,7.59,4.75,0.6,0.06,2.11,0.05,0.01,0.04,0.1,0.1,0.04,0.18,Black3
13.9985836602874,10.92,0.05,4.07,8.56,1.09,0.12,1.46,0.12,0.01,0.11,0.14,0.1,0.03,0.07,White2
12.0077321723621,16.18,0.09,5.98,4.8,1.59,0.09,1.79,0.06,0.05,0.09,0.12,0.06,0.05,0.02,White2
9.59075662631248,11.86,0.05,4.23,9.36,0.74,0.15,0.64,0.12,0.12,0.12,0.1,0.07,0.08,0.11,Black1
12.8727494418457,13.26,0.08,4.52,5.31,1.17,0.12,1.57,0.03,0.02,0.12,0.16,0.18,0.06,0.19,White2
10.8171612290245,16.93,0.02,6.03,8.95,0.89,0.1,2.09,0.06,0.03,0.11,0.14,0.11,0.1,0.33,Black3
9.36873407294504,20.19,0.06,4.81,8.46,1.15,0.05,2.27,0.11,0.05,0.04,0.13,0.06,0.05,0.13,Black3
10.6476436973531,12.36,0.06,4.58,4.7,1.05,0.13,0.88,0.03,0.09,0.06,0.12,0.06,0.04,0.04,Black2
7.23263895505959,14.39,0.05,5.65,6.39,0.56,0.08,0.44,0.07,0.08,0.09,0.11,0.07,0.02,0.42,Black2
7.8330329152062,13.3,0.06,4.99,8.8,1,0.17,0.53,0.05,0.09,0.07,0.12,0.1,0.07,0.41,Black2
8.55108985952132,13.89,0.05,5,8.45,1.27,0.01,0.66,0.09,0,0.07,0.09,0.08,0.07,0.46,Black3
12.6514775750641,16.55,0.06,5.29,3.07,1.33,0.09,1.71,0.02,0.05,0.1,0.13,0.05,0.05,0.13,White2
12.8660200923051,16.83,0.06,5.99,7,0.53,0.08,1.38,0.06,0.11,0.05,0.14,0.06,0.02,0.25,Black2
7.35702968950138,13.81,0.05,5.69,8.19,1.31,0.12,2.52,0.13,0.06,0.11,0.1,0.14,0.03,0.1,White1
3.81642997464054,18.05,0.04,3.61,6.66,0.32,0.14,2.96,0.02,0.08,0.09,0.16,0.15,0.05,0.24,White1
10.8284761561625,11.15,0.06,3.95,9.33,1,0.02,2.3,0.04,0.04,0.09,0.13,0.11,0.02,0.24,Black3
5.3639572291665,13.08,0.09,6.66,5.57,1.23,0.06,0.09,0.01,0.1,0.07,0.16,0.1,0.01,0.08,Black2
5.81168267135564,13.61,0.07,5.99,4.81,1.44,0.15,2.56,0.12,0.01,0.07,0.14,0.07,0.05,0.13,White2
11.1879916684448,16.18,0.06,6.89,4.66,0.85,0.07,1.1,0.07,0.03,0.06,0.11,0.12,0.03,0.2,Black3
9.36873407294504,13.67,0.09,5.89,6.86,0.91,0.14,2.27,0.07,0.06,0.05,0.14,0.11,0.06,0.25,Black1
12.3460565604417,15.6,0.03,6.26,5.19,0.93,0.08,1.9,0.02,0.08,0.05,0.13,0.05,0.03,0.27,Black2
7.11277978192671,15.87,0.08,3.4,5.8,0.82,0.08,0.42,0.1,0.02,0.07,0.09,0.08,0.06,0.1,Black2
11.6858594710111,16.72,0.04,6.07,7.62,1.62,0.18,1.83,0.04,0.02,0.06,0.11,0.11,0.06,0.22,White2
14.1245414102004,15.41,0.06,6.14,6.62,0.98,0.04,1.59,0.08,0.11,0.06,0.09,0.14,0.01,0.37,Black2
11.1631090829789,16.69,0.07,5.94,8.2,1.21,0.12,1.3,0.05,0.04,0.08,0.13,0.09,0.06,0.43,White2
9.66504402255059,11.73,0.05,3.42,7.5,0.36,0.13,0.84,0.09,0.02,0.01,0.16,0.08,0.01,0.02,White2
13.333821356965,13.14,0.08,7.01,5.99,1.22,0.1,1.8,0.06,0.05,0.07,0.12,0.03,0.04,0.17,Black2
10.656224878349,15.22,0.05,7.77,9.38,0.92,0.1,2.11,0.1,0.07,0.06,0.11,0.07,0.02,0.27,Black3
13.8718205338811,12.69,0.07,8.38,6.2,0.69,0.11,1.46,0.07,0.05,0.08,0.09,0.09,0.02,0.48,Black2
7.19609333882589,20.25,0.1,7.67,6.35,1.13,0.04,2.54,0.04,0.05,0.07,0.1,0.02,0.08,0.22,Black3
13.5530791905078,15.54,0.05,5.69,8.66,0.89,0.02,1.75,0.01,0.04,0.02,0.13,0.08,0.06,0.26,Black3
5.99251559486382,13.27,0.07,4.97,8.46,1.4,0.1,2.7,0.1,0.03,0.06,0.14,0.07,0.02,0.02,Black3
11.0622522220446,11.16,0.09,6.03,4.04,1.08,0.14,2.27,0.13,0.12,0.05,0.18,0.08,0.04,0.01,White1
11.5912019609098,12.93,0.08,5.71,8.64,0.61,0.05,1.11,0.1,0.13,0.1,0.09,0.11,0.03,0.41,Black2
13.6200094023319,11.71,0.04,5.33,10.82,0.95,0.09,1.9,0.07,0.1,0.08,0.1,0.08,0.01,0.04,Black1
11.0410927710071,12.77,0.03,4,7.57,0.82,0.05,2.12,0.12,0,0.04,0.15,0.09,0.09,0.1,Black3
6.57341350282873,14.88,0.08,3.36,7.2,1.26,0.13,0.33,0.1,0.08,0.05,0.13,0.15,0.08,0.29,Black2
14.3137091398473,11.75,0.07,7.45,7.37,0.94,0.11,1.81,0.06,0.07,0.1,0.1,0.1,0.03,0.33,Black1
12.7254717277434,13.25,0.08,6.71,7.3,1.04,0.12,1.34,0.13,0.1,0.13,0.11,0.11,0.01,0.01,Black2
11.8533960119084,9.49,0.05,2.74,4.01,1.16,0.1,2.33,0.04,0.03,0.1,0.09,0.08,0.05,0.26,White1
1.88519376653463,13.52,0.07,4.71,4.89,1.24,0.08,3.2,0.05,0.09,0.03,0.09,0.09,0.02,0.3,White1
6.45542807405761,15.79,0.05,4.04,5.53,0.97,0.07,2.48,0.04,0.01,0.13,0.1,0.11,0.02,0.14,White2
12.7461609191723,15.13,0.06,5.98,9.65,1.13,0.09,1.36,0.02,0.02,0.11,0.13,0.13,0.07,0.03,Black3
5.00700091797818,13.47,0.07,6.86,7.45,0.9,0.12,2.66,0.01,0.06,0.1,0.17,0.07,0.05,0.02,White2
11.4609066317264,16.33,0.07,8.06,7.98,0.95,0.14,2.01,0.09,0.04,0.15,0.12,0.09,0.02,0.21,White1
12.3266538132072,14.72,0.04,3.21,8.54,1,0.13,1.29,0.04,0.06,0.06,0.12,0.06,0.03,0.08,Black2
4.03002685831076,13.1,0.06,5.71,8.36,0.95,0.06,2.96,0.15,0.13,0.05,0.15,0.09,0,0.37,Black2
0.839107487143927,18.11,0.06,7.62,6.34,0.81,0.11,3.33,0.12,0.02,0.1,0.09,0.09,0.08,0.47,Black3
8.09821914455171,11.67,0.08,7.09,8.09,0.95,0.11,2.59,0.08,0.02,0.02,0.1,0.09,0.06,0.39,Black3
12.4947709423122,10.41,0.05,6.64,6.47,1.44,0.14,0.94,0.07,0.07,0.1,0.13,0.07,0.06,0.17,Black2
6.24888298453061,15.83,0.07,5.08,6.18,1.47,0.07,0.48,0.12,0.03,0.07,0.12,0.09,0.06,0.17,White2
8.01172358042334,18.88,0.08,5.32,8.19,0.65,0.11,0.57,0.09,0.1,0.13,0.12,0.08,0.02,0.3,Black2
10.1734158263225,20.36,0.05,4.53,7.32,0.81,0.17,2.17,0.02,0.13,0.09,0.07,0.08,0.05,0.19,Black2
13.9362589008649,11.27,0.04,5.86,7.6,0.61,0.02,1.29,0,0.09,0.07,0.1,0.11,0.08,0.05,Black3
8.88592502091856,13.98,0.03,6.29,3.4,1.18,0.09,2.33,0.15,0.09,0.11,0.12,0.09,0.03,0.08,White1
9.85154312497152,17.04,0.07,6.59,5.56,0.42,0.16,2.21,0.04,0.08,0.08,0.1,0.09,0.04,0.16,White1
11.7201950973658,8.99,0.06,4.18,8.38,1.29,0.17,0.63,0.02,0,0.07,0.13,0.03,0.04,0.29,Black1
6.29449172338212,16.81,0.08,2.87,6.61,0.83,0.1,2.5,0.07,0,0.07,0.09,0.06,0,0.12,White2
9.84465817851713,14.97,0.06,8.61,4.24,1.27,0.15,1.08,0.02,0.01,0.13,0.14,0.1,0.03,0.23,White2
9.85154312497152,15.11,0.07,5.14,7.19,0.78,0.1,2.21,0.07,0.04,0.11,0.07,0.12,0.03,0.21,Black2
9.38497126203282,11.46,0.05,5.7,5.27,1.11,0.1,2.45,0.09,0.04,0.08,0.12,0.12,0.03,0.29,Black2
12.5069929111171,13.88,0.05,6.16,10.68,0.69,0.11,1.88,0.05,0.04,0.06,0.12,0.08,0.06,0.3,White1
11.3677804281441,16.12,0.05,6.25,4.46,0.95,0.09,1.13,0.11,0.12,0.1,0.14,0.1,0.03,0.37,Black2
8.00077509220335,16.04,0.04,5.26,9.05,1.38,0.1,2.44,0.11,0.07,0.08,0.14,0.06,0.01,0.16,White1
13.1342866270906,16.27,0.07,3.53,7.22,0.89,0.06,1.65,0.09,0.08,0.08,0.13,0.07,0.04,0.42,White2
14.9328432328003,10.2,0.07,6.26,7.33,0.66,0.06,1.88,0.1,0.08,0.07,0.15,0.06,0.05,0.28,Black3
11.4277100147105,18.41,0.06,5.77,6.05,0.89,0.15,1.14,0.01,0.03,0.06,0.13,0.08,0.02,0.37,Black2
10.3983686656072,14.27,0.06,6.25,6.68,0.85,0.11,1.99,0.05,0.01,0.05,0.12,0.08,0.03,0.39,White2
10.3489774565146,15.79,0.09,8.6,8.93,1.15,0.11,0.96,0.14,0.07,0.05,0.15,0.12,0.05,0.36,White1
9.82273010995864,12.97,0.07,7.4,4.25,1.12,0.16,0.82,0.05,0.1,0.1,0.09,0.05,0.03,0.43,Black2
12.2908823052489,11.62,0.06,5.71,6.35,0.98,0.08,1.06,0.07,0.08,0.08,0.11,0.09,0.07,0.02,Black2
2.73514917367854,11,0.05,5.08,6.5,0.79,0.12,3.32,0.1,0.09,0.06,0.15,0.12,0,0.23,White1
7.45082133071206,13.13,0.05,3.18,6.91,1.65,0.06,2.38,0.01,0.01,0.11,0.1,0.13,0.08,0.09,White2
10.8634611501466,16.46,0.05,5.17,5.64,0.68,0.12,1.25,0.03,0.04,0.1,0.18,0.13,0.06,0.26,White2
6.85776895074634,19.57,0.11,5.55,8.81,1.23,0.13,2.43,0.12,0.04,0.06,0.11,0.11,0.07,0.23,White2
14.2312664816438,9.01,0.06,7.85,8.1,0.88,0.07,2.08,0.08,0.07,0.11,0.13,0.08,0.04,0.04,White1
10.2162565359756,13.05,0.05,4.16,5.23,0.86,0.16,1.1,0.02,0.03,0.05,0.15,0.01,0.01,0.27,White2
1.82071422677465,10.3,0.07,4.45,7.76,0.91,0.07,3.5,0.1,0.09,0.09,0.13,0.06,0.08,0.26,Black1
11.4249734222323,10.79,0.06,5.43,5.49,1.12,0.07,2.26,0.13,0.09,0.07,0.1,0.06,0.02,0.14,Black2
13.7050343042353,14.78,0.06,8.66,6.52,1.53,0.03,1.52,0.08,0.1,0.09,0.09,0.06,0.04,0.33,White1
15.0433351142496,11.11,0.07,5.89,4.92,1.45,0.08,1.78,0.1,0.08,0.13,0.14,0.07,0.04,0.02,White1
8.26333906925415,11.77,0.04,5.88,9.96,0.98,0.07,2.56,0.12,0.06,0.08,0.13,0.06,0.06,0.26,Black3
13.2255976117038,17.97,0.11,6.91,8.62,1.04,0.15,1.44,0.13,0.03,0.05,0.12,0.09,0.01,0.19,White1
4.21877085132927,14.34,0.05,4.73,5.8,0.68,0.19,2.91,0.13,0.02,0.09,0.11,0,0.03,0.02,White1
12.9898019631436,14.49,0.05,6.44,5.32,0.94,0.11,1.82,0.03,0.1,0.13,0.13,0.09,0.08,0.11,White1
13.3884494002182,12.33,0.08,6.34,5.3,1.09,0.12,1.87,0.08,0.02,0.13,0.08,0.09,0,0.2,White1
12.6514775750641,18.17,0.07,3.27,7.25,1.18,0.07,1.71,0.11,0.06,0.1,0.15,0.15,0.05,0.22,White2
10.0019303196939,11.79,0.05,5.36,6.06,0.83,0.1,2.19,0.03,0.04,0.09,0.12,0.07,0.01,0.17,White2
14.1245414102004,15.31,0.08,4.16,6.82,1.21,0.1,1.59,0.03,0.08,0.08,0.12,0.08,0.04,0.48,Black2
12.5874610864549,16.8,0.12,7.52,7.48,1.79,0.09,1.87,0.12,0.05,0.08,0.08,0.14,0.01,0.21,Black2
13.8044370909164,11.05,0.05,5.1,5.44,0.74,0.08,1.24,0.06,0.15,0.1,0.11,0.08,0.04,0.2,Black2
7.16745170105925,11.58,0.05,7.37,7.34,0.91,0.12,0.2,0.04,0.01,0.07,0.12,0.03,0.04,0.48,Black1
13.4773367960294,13.05,0.05,3.79,7.59,1.05,0.07,1.44,0.12,0.06,0.08,0.14,0.05,0.1,0.26,Black3
13.7140155411833,14.76,0.09,5.44,7,0.69,0.09,1.73,0.11,0.04,0.05,0.09,0.13,0.07,0.03,Black1
9.69060677429602,14.58,0.06,6.92,10.83,1.02,0.06,2.23,0.12,0.07,0.12,0.13,0.09,0,0.11,Black3
9.20828785668236,12.43,0.05,5.32,4.68,1.48,0.06,2.38,0.09,0.01,0.07,0.11,0.08,0.05,0.05,Black3
11.4609066317264,17.83,0.04,10.83,6.59,1.21,0.11,2.01,0.11,0.13,0.19,0.14,0.11,0.07,0.31,White1
10.3341376793572,11.46,0.06,4.82,7.09,1.22,0.12,2.18,0.12,0.04,0.18,0.11,0.06,0.04,0.09,White2
10.1387184117712,13.32,0.02,6.94,7.52,1.02,0.16,2.18,0.01,0.07,0.07,0.1,0.12,0.06,0.11,Black2
11.5475691878434,14.63,0.07,5.36,7.02,0.84,0.15,1.16,0.03,0.02,0.05,0.1,0.07,0.07,0.27,Black2
15.7746595912107,9.41,0.06,3.72,7.24,0.58,0.14,1.36,0.11,0.13,0.08,0.15,0.11,0.04,0.51,Black2
12.0077321723621,19.7,0.05,3.63,8.91,1.03,0.07,1.79,0.07,0,0.05,0.09,0.08,0.07,0.5,White2
9.05230782382588,11.98,0.06,5.67,4.95,1.21,0.16,2.29,0.05,0.05,0.05,0.12,0.11,0.06,0.24,White2
12.1230561823652,11.84,0.05,5.44,10.69,0.86,0.08,1.06,0.05,0.02,0.06,0.12,0.06,0.06,0.06,Black1
15.1840320789153,9.87,0.06,5.38,8.69,1.17,0.08,1.32,0.03,0.03,0.08,0.1,0.07,0.06,0.42,Black1
14.9429363102099,11.98,0.09,4.88,7.61,1.24,0.04,1.71,0.1,0.08,0.04,0.13,0.04,0.05,0.33,Black1
8.55108985952132,15.26,0.07,5.76,6.71,1.44,0.09,0.66,0.08,0.09,0.07,0.11,0.08,0.04,0.31,Black2
13.3454567848367,22.29,0.07,7.81,6,1.35,0.1,1.46,0.11,0.12,0.09,0.12,0.05,0.06,0.11,White1
12.6321658060748,11.14,0.11,2.41,8.04,1.19,0.03,1.26,0.06,0,0.05,0.14,0.08,0.04,0.11,White2
8.10658629260562,11.87,0.08,6.68,6.87,1.63,0.1,2.57,0.04,0.08,0.07,0.09,0.1,0,0.23,White1
12.1624373601502,12.07,0.05,5.64,7.15,0.71,0.06,1.3,0.07,0.06,0.07,0.13,0.11,0.04,0.27,White2
5.74766618274645,15.99,0.05,5.02,10.09,1.26,0.07,2.72,0.1,0.04,0.03,0.11,0.08,0.02,0.19,Black3
9.51321873689197,15.02,0.06,5.03,8.61,0.9,0.13,2.1,0.07,0,0.04,0.13,0.11,0.02,0.09,White2
12.1468650535078,16.5,0.05,7.85,5.65,1.57,0.11,1.26,0.08,0.01,0.05,0.11,0.04,0.04,0.06,White1
16.3492721999026,6.55,0.07,5.19,7.22,1.41,0.1,2.05,0.11,0.02,0.04,0.13,0.08,0.01,0.33,Black3
6.21383598343008,13.85,0.02,5.26,4.67,1.56,0.09,0.27,0.05,0.12,0.05,0.1,0.07,0.05,0.32,Black2
11.0501986069838,13.18,0.06,5.89,4.08,1.3,0.09,2.08,0.17,0.06,0.02,0.09,0.07,0.01,0.24,Black3
11.1879916684448,17.15,0.06,6.17,4.59,1.05,0.11,1.1,0.17,0.08,0.09,0.1,0.15,0.01,0.28,Black2
14.179344636572,9.5,0.02,5.3,8.32,1.41,0.11,2.04,0.07,0.01,0.02,0.06,0.08,0.02,0.33,Black3
7.98432340547479,13.69,0.09,5.28,6.45,0.8,0.07,2.29,0.05,0.04,0.13,0.16,0.14,0.02,0.16,White2
11.5226866023775,15.83,0.03,4.88,7.64,0.42,0.12,1.36,0,0.03,0.1,0.11,0.09,0.04,0.15,White2
16.6310420629469,10.4,0.03,8.55,6.54,0.93,0.04,1.65,0.07,0.07,0.08,0.12,0.06,0.07,0.35,Black1
14.1968245932098,15.06,0.05,7.44,9.01,1.01,0.06,1.67,0.07,0.01,0.09,0.12,0.06,0.03,0.31,Black3
13.7050343042353,16.55,0.04,7.15,7.37,1,0.13,1.52,0.09,0.07,0.07,0.15,0.08,0.05,0.33,Black2
6.4950067220822,11.24,0.08,11.33,7.54,1.1,0.09,2.83,0.15,0.07,0.06,0.11,0.06,0.03,0.15,Black3
8.80545684558082,14.22,0.06,7.37,6.1,1.38,0.1,2.34,0.02,0.12,0.11,0.17,0.08,0.04,0.12,White1
12.6862313326058,13.63,0.11,4.59,7.57,0.59,0.06,1.35,0.09,0.11,0.12,0.1,0.06,0,0.52,Black1
11.2230386695453,15.33,0.07,6.06,7.75,0.58,0.07,1.31,0.01,0.02,0.08,0.15,0.13,0.04,0.4,White2
13.4598457954485,11.16,0.08,4.95,7.4,1.09,0.11,1.82,0.06,0.04,0.11,0.15,0.08,0.03,0.08,White2
13.2855271982702,15.19,0.06,3.12,8.66,0.96,0.04,1.45,0.11,0.05,0.1,0.11,0.08,0.06,0.07,Black3
12.9259496788716,13.69,0.07,6.76,7.01,1.21,0.08,1.39,0.13,0.03,0.04,0.09,0.14,0.04,0.1,Black3
12.8660200923051,14.81,0.04,5.5,8.02,0.67,0.14,1.38,0.05,0.09,0.05,0.11,0.07,0.04,0.15,Black2
13.2855271982702,14.63,0.09,8.15,7.67,1.6,0.03,1.45,0.07,0.04,0.1,0.13,0.04,0.05,0.29,Black3
3.65549362396505,16.67,0.05,5.17,8.59,0.6,0.05,2.98,0.06,0.1,0.04,0.09,0.07,0.01,0.23,Black3
12.3785379112244,12.81,0.07,5.72,2.84,0.64,0.09,1.95,0.07,0.08,0.12,0.12,0.09,0.05,0.22,White1
9.08844855835357,13.22,0.07,2.65,5.63,1.18,0.05,2.32,0.05,0.08,0,0.16,0.04,0.03,0.02,Black3
13.2312064891569,17.23,0.04,7.93,8.78,1.68,0.06,1.79,0.07,0.09,0.12,0.12,0.04,0.02,0.33,Black3
11.0605673211654,12.09,0.09,4.03,5.8,0.76,0.09,2.03,0.04,0.01,0.04,0.11,0.14,0.02,0.14,White2
11.5753951375227,9.54,0.05,4.64,3.32,1.14,0.09,0.88,0.04,0.01,0,0.12,0.07,0.08,0.34,White2
10.656224878349,13.49,0.08,7.66,9.52,1.41,0.07,2.11,0.06,0.08,0.04,0.11,0.16,0.08,0.37,Black3
4.54064355268026,17.11,0.06,6.67,5.61,0.96,0.03,2.87,0.1,0.02,0.09,0.18,0.1,0.01,0.25,Black3
14.0467060626523,8.83,0.05,5.2,8.19,0.94,0.03,2.12,0.11,0.03,0.07,0.13,0.06,0.06,0.2,Black3
8.51926182760672,11.54,0.07,5.73,8.04,0.8,0.08,2.55,0.11,0.05,0.07,0.12,0.08,0.05,0.02,Black1
12.1883505982295,11.35,0.06,6.09,5.08,1.17,0.13,1.96,0.02,0.01,0.12,0.1,0.14,0.11,0.46,White2
12.1819120546084,17.89,0.09,5.67,7.92,0.9,0.15,1.47,0.07,0.03,0.08,0.14,0.15,0.02,0.14,White2
10.8440202767739,10.06,0.07,4.5,8.14,1.31,0.13,0.62,0.02,0.03,0.04,0.11,0.08,0.01,0.19,White1
8.83227724649099,12.29,0.07,5.6,8.76,1.14,0.11,2.44,0.06,0.1,0.08,0.13,0.07,0.03,0.32,Black2
13.0458088520045,17.58,0.07,5.83,5.42,0.54,0.12,1.41,0.16,0.09,0.02,0.12,0.02,0.04,0.34,Black1
10.2612569356741,8.94,0.04,5.75,8.51,1.45,0.14,2.58,0.01,0.05,0.04,0.12,0.12,0.04,0.06,Black3
9.40137602249474,9.83,0.08,3.18,8.07,0.81,0.07,0.35,0.04,0.04,0.08,0.14,0.08,0.03,0.15,Black2
9.14636693488147,11.86,0.06,1.66,6.69,0.88,0.06,0.77,0.06,0.04,0.1,0.14,0.07,0.05,0.15,White2
10.5757567030112,21.48,0.08,4.44,6.48,0.71,0.11,2.12,0.06,0.12,0.04,0.12,0.04,0,0.02,Black2
13.7366523680666,12.19,0.07,3.99,6.45,0.95,0.07,1.84,0.06,0.02,0.09,0.09,0.08,0.08,0.22,Black1
12.673170601308,13.24,0.03,5.48,7.88,0.66,0.08,1.33,0.05,0.07,0.06,0.13,0.11,0.02,0.44,Black2
10.3961115733622,10.24,0.05,5.57,7.07,1.05,0.14,2.44,0.05,0.04,0.04,0.13,0.08,0.01,0.28,White1
6.47187976078617,15.21,0.06,7.2,7.97,1.45,0.08,2.63,0.11,0.09,0.08,0.12,0.11,0.04,0.27,White1
12.985879265438,13.53,0.09,5.51,7.55,1.07,0.05,1.4,0.14,0.07,0.14,0.11,0.11,0.04,0.23,Black1
12.8288656124681,19.1,0.11,6.84,8.23,1.54,0.14,1.84,0.06,0.08,0.14,0.14,0.1,0.04,0.05,White1
11.263795490654,12.9,0.05,5.71,8.25,0.93,0.04,2.08,0.07,0.07,0.08,0.11,0.11,0.05,0.21,Black3
14.1968245932098,16.39,0.05,7.11,9.58,1.27,0.05,1.67,0.04,0.05,0.07,0.16,0.08,0.04,0.29,Black3
12.2887443175288,11.23,0.07,2.95,5.97,1.18,0.11,1.01,0.13,0.08,0.13,0.07,0.15,0.05,0.14,Black1
